{
  "token_acc":1.0,
  "token_p":1.0,
  "token_r":1.0,
  "token_f":1.0,
  "tag_acc":null,
  "sents_p":0.4238505747,
  "sents_r":0.4531490015,
  "sents_f":0.4380103935,
  "dep_uas":null,
  "dep_las":null,
  "dep_las_per_type":null,
  "morph_acc":null,
  "morph_per_feat":null,
  "lemma_acc":null,
  "pos_acc":null,
  "ents_p":0.9349442379,
  "ents_r":0.9063063063,
  "ents_f":0.9204025618,
  "ents_per_type":{
    "ORG":{
      "p":0.9555555556,
      "r":0.9416058394,
      "f":0.9485294118
    },
    "ACCESSION":{
      "p":0.9518413598,
      "r":0.8888888889,
      "f":0.9192886457
    },
    "SEQ":{
      "p":0.8415300546,
      "r":0.8369565217,
      "f":0.8392370572
    }
  },
  "speed":12254.5632466044
}