{
  "token_acc":1.0,
  "token_p":1.0,
  "token_r":1.0,
  "token_f":1.0,
  "tag_acc":null,
  "sents_p":0.4238505747,
  "sents_r":0.4531490015,
  "sents_f":0.4380103935,
  "dep_uas":null,
  "dep_las":null,
  "dep_las_per_type":null,
  "morph_acc":null,
  "morph_per_feat":null,
  "lemma_acc":null,
  "pos_acc":null,
  "ents_p":0.92,
  "ents_r":0.890990991,
  "ents_f":0.9052631579,
  "ents_per_type":{
    "ORG":{
      "p":0.9573283859,
      "r":0.9416058394,
      "f":0.9494020239
    },
    "ACCESSION":{
      "p":0.9518413598,
      "r":0.8888888889,
      "f":0.9192886457
    },
    "SEQ":{
      "p":0.7486338798,
      "r":0.7445652174,
      "f":0.7465940054
    }
  },
  "speed":15162.6309589106
}